Combination	BA	sdBA	F1	sdF1	MCC	sdMCC	similarityThreshold
Tanimoto_proba_1_0.5% 	 0.91991 	 0.00813 	 0.98143 	 0.003 	 0.88452 	 0.01447 	 0.6 
Tanimoto_proba_2_0.5% 	 0.94272 	 0.01209 	 0.98775 	 0.00274 	 0.92023 	 0.01761 	 0.45 
Tanimoto_proba_3_0.5% 	 0.95713 	 0.01225 	 0.99076 	 0.00293 	 0.93543 	 0.02019 	 0.4 
Dice_proba_1_0.5% 	 0.91991 	 0.00813 	 0.98143 	 0.003 	 0.88452 	 0.01447 	 0.75 
Dice_proba_2_0.5% 	 0.91117 	 0.01243 	 0.97943 	 0.0032 	 0.87074 	 0.01963 	 0.6 
Dice_proba_3_0.5% 	 0.94155 	 0.01306 	 0.98536 	 0.00292 	 0.90463 	 0.01786 	 0.55 
Tversky_proba_1_0.5% 	 0.86511 	 0.01422 	 0.96409 	 0.00314 	 0.77668 	 0.01907 	 0.75 
Tversky_proba_2_0.5% 	 0.95083 	 0.00937 	 0.9865 	 0.00192 	 0.90625 	 0.01368 	 0.65 
Tversky_proba_3_0.5% 	 0.94585 	 0.007 	 0.98525 	 0.00077 	 0.89678 	 0.00761 	 0.55 
