Combination	BA	sdBA	F1	sdF1	MCC	sdMCC	similarityThreshold
Tanimoto_proba_1_0.9% 	 0.70605 	 0.0089 	 0.83128 	 0.00724 	 0.47285 	 0.01864 	 0.45 
Tanimoto_proba_2_0.9% 	 0.70115 	 0.00926 	 0.82555 	 0.00928 	 0.46525 	 0.01965 	 0.3 
Tanimoto_proba_3_0.9% 	 NA 	 NA 	 NA 	 NA 	 NA 	 NA 	 NA 
Dice_proba_1_0.9% 	 0.68471 	 0.01385 	 0.8131 	 0.01237 	 0.42895 	 0.02983 	 0.6 
Dice_proba_2_0.9% 	 0.68506 	 0.01722 	 0.80849 	 0.01648 	 0.43146 	 0.03836 	 0.45 
Dice_proba_3_0.9% 	 0.7114 	 0.00736 	 0.83323 	 0.00659 	 0.48918 	 0.01699 	 0.4 
Tversky_proba_1_0.9% 	 0.66288 	 0.01472 	 0.78582 	 0.01887 	 0.38117 	 0.03226 	 0.65 
Tversky_proba_2_0.9% 	 0.69181 	 0.01445 	 0.8198 	 0.01559 	 0.44218 	 0.02998 	 0.5 
Tversky_proba_3_0.9% 	 0.66907 	 0.01266 	 0.78682 	 0.01837 	 0.3986 	 0.02769 	 0.4 
