Combination	BA	sdBA	F1	sdF1	MCC	sdMCC	similarityThreshold
Tanimoto_proba_1_0.9% 	 0.78944 	 0.01587 	 0.80323 	 0.02116 	 0.60583 	 0.03288 	 0.4 
Tanimoto_proba_2_0.9% 	 0.82765 	 0.01994 	 0.8535 	 0.02135 	 0.68637 	 0.03872 	 0.3 
Tanimoto_proba_3_0.9% 	 NA 	 NA 	 NA 	 NA 	 NA 	 NA 	 NA 
Dice_proba_1_0.9% 	 0.82485 	 0.01115 	 0.84905 	 0.01406 	 0.67845 	 0.02344 	 0.6 
Dice_proba_2_0.9% 	 0.82057 	 0.01576 	 0.84252 	 0.02421 	 0.66996 	 0.03166 	 0.45 
Dice_proba_3_0.9% 	 0.80347 	 0.01005 	 0.8198 	 0.01134 	 0.63651 	 0.02081 	 0.35 
Tversky_proba_1_0.9% 	 0.8174 	 0.01791 	 0.86644 	 0.01428 	 0.64812 	 0.03671 	 0.6 
Tversky_proba_2_0.9% 	 0.83343 	 0.01299 	 0.87845 	 0.01157 	 0.68434 	 0.02524 	 0.45 
Tversky_proba_3_0.9% 	 0.86131 	 0.01383 	 0.89894 	 0.01173 	 0.74129 	 0.02921 	 0.4 
