Combination	BA	sdBA	F1	sdF1	MCC	sdMCC	similarityThreshold
Tanimoto_proba_1_0.8% 	 0.84558 	 0.01542 	 0.86831 	 0.01716 	 0.71813 	 0.03154 	 0.45 
Tanimoto_proba_2_0.8% 	 0.89328 	 0.01601 	 0.92 	 0.01361 	 0.805 	 0.03069 	 0.35 
Tanimoto_proba_3_0.8% 	 NA 	 NA 	 NA 	 NA 	 NA 	 NA 	 NA 
Dice_proba_1_0.8% 	 0.85798 	 0.01486 	 0.88535 	 0.01589 	 0.74071 	 0.02793 	 0.65 
Dice_proba_2_0.8% 	 0.88733 	 0.02171 	 0.91458 	 0.01927 	 0.79624 	 0.04103 	 0.5 
Dice_proba_3_0.8% 	 0.86009 	 0.01253 	 0.89224 	 0.01444 	 0.74599 	 0.02485 	 0.4 
Tversky_proba_1_0.8% 	 0.84183 	 0.01588 	 0.8799 	 0.0143 	 0.69657 	 0.03218 	 0.65 
Tversky_proba_2_0.8% 	 0.89923 	 0.00913 	 0.92425 	 0.00729 	 0.80515 	 0.01934 	 0.55 
Tversky_proba_3_0.8% 	 0.90993 	 0.01508 	 0.93322 	 0.01206 	 0.83054 	 0.0301 	 0.45 
