Combination	BA	sdBA	F1	sdF1	MCC	sdMCC	similarityThreshold
Tanimoto_proba_1_0.8% 	 0.74653 	 0.0116 	 0.91998 	 0.00861 	 0.6218 	 0.02181 	 0.5 
Tanimoto_proba_2_0.8% 	 0.75307 	 0.01574 	 0.92503 	 0.01092 	 0.63223 	 0.02395 	 0.35 
Tanimoto_proba_3_0.8% 	 NA 	 NA 	 NA 	 NA 	 NA 	 NA 	 NA 
Dice_proba_1_0.8% 	 0.7224 	 0.01288 	 0.90492 	 0.01169 	 0.57855 	 0.02488 	 0.65 
Dice_proba_2_0.8% 	 0.72314 	 0.01758 	 0.90615 	 0.01287 	 0.58459 	 0.03403 	 0.5 
Dice_proba_3_0.8% 	 0.80426 	 0.01373 	 0.94912 	 0.00601 	 0.71396 	 0.02184 	 0.45 
Tversky_proba_1_0.8% 	 0.81769 	 0.02138 	 0.95264 	 0.00771 	 0.70837 	 0.02868 	 0.7 
Tversky_proba_2_0.8% 	 0.81959 	 0.01707 	 0.95456 	 0.00577 	 0.71675 	 0.02381 	 0.55 
Tversky_proba_3_0.8% 	 0.81146 	 0.01508 	 0.95274 	 0.00576 	 0.71151 	 0.01879 	 0.45 
