Combination	BA	sdBA	F1	sdF1	MCC	sdMCC	similarityThreshold
Tanimoto_proba_1_0.9% 	 0.68664 	 0.01115 	 0.87027 	 0.01312 	 0.51661 	 0.02488 	 0.45 
Tanimoto_proba_2_0.9% 	 0.67412 	 0.0107 	 0.85873 	 0.01294 	 0.49305 	 0.02647 	 0.3 
Tanimoto_proba_3_0.9% 	 NA 	 NA 	 NA 	 NA 	 NA 	 NA 	 NA 
Dice_proba_1_0.9% 	 0.67173 	 0.00755 	 0.85446 	 0.00976 	 0.48836 	 0.0193 	 0.6 
Dice_proba_2_0.9% 	 0.66421 	 0.00866 	 0.84461 	 0.01341 	 0.47274 	 0.02107 	 0.45 
Dice_proba_3_0.9% 	 0.70809 	 0.01264 	 0.89595 	 0.01175 	 0.55742 	 0.02492 	 0.4 
Tversky_proba_1_0.9% 	 0.78631 	 0.01902 	 0.94371 	 0.00831 	 0.66127 	 0.02931 	 0.65 
Tversky_proba_2_0.9% 	 0.77233 	 0.01734 	 0.93781 	 0.00891 	 0.6541 	 0.02643 	 0.5 
Tversky_proba_3_0.9% 	 0.76086 	 0.01668 	 0.93268 	 0.00909 	 0.63897 	 0.02452 	 0.4 
