Combination	BA	sdBA	F1	sdF1	MCC	sdMCC	similarityThreshold
Tanimoto_proba_1_0.5% 	 0.85407 	 0.02191 	 0.93382 	 0.01012 	 0.74363 	 0.03303 	 0.6 
Tanimoto_proba_2_0.5% 	 0.85579 	 0.00926 	 0.93293 	 0.00483 	 0.75333 	 0.01808 	 0.45 
Tanimoto_proba_3_0.5% 	 0.869 	 0.00926 	 0.93892 	 0.00537 	 0.77357 	 0.01435 	 0.4 
Dice_proba_1_0.5% 	 0.86098 	 0.01414 	 0.93516 	 0.00581 	 0.75602 	 0.02147 	 0.75 
Dice_proba_2_0.5% 	 0.86934 	 0.01756 	 0.93805 	 0.00953 	 0.76705 	 0.03176 	 0.65 
Dice_proba_3_0.5% 	 0.85612 	 0.01058 	 0.93384 	 0.00569 	 0.75296 	 0.01172 	 0.55 
Tversky_proba_1_0.5% 	 0.73713 	 0.01558 	 0.86379 	 0.01119 	 0.52516 	 0.02907 	 0.75 
Tversky_proba_2_0.5% 	 0.82341 	 0.01148 	 0.91631 	 0.00572 	 0.69166 	 0.01952 	 0.65 
Tversky_proba_3_0.5% 	 0.85396 	 0.0138 	 0.92837 	 0.00741 	 0.74414 	 0.02052 	 0.6 
