Combination	BA	sdBA	F1	sdF1	MCC	sdMCC	similarityThreshold
Tanimoto_proba_1_0.5% 	 0.94932 	 0.01401 	 0.96191 	 0.01037 	 0.90484 	 0.02588 	 0.6 
Tanimoto_proba_2_0.5% 	 0.94052 	 0.01058 	 0.95702 	 0.00881 	 0.89073 	 0.02222 	 0.45 
Tanimoto_proba_3_0.5% 	 0.95154 	 0.01304 	 0.96605 	 0.00812 	 0.90988 	 0.02099 	 0.4 
Dice_proba_1_0.5% 	 0.94957 	 0.01267 	 0.96127 	 0.00841 	 0.9032 	 0.0214 	 0.75 
Dice_proba_2_0.5% 	 0.95103 	 0.01336 	 0.96672 	 0.00877 	 0.91017 	 0.02264 	 0.65 
Dice_proba_3_0.5% 	 0.94862 	 0.0159 	 0.96426 	 0.01037 	 0.90718 	 0.026 	 0.55 
Tversky_proba_1_0.5% 	 0.90058 	 0.02141 	 0.91797 	 0.01696 	 0.80291 	 0.0427 	 0.75 
Tversky_proba_2_0.5% 	 0.94688 	 0.01649 	 0.95975 	 0.01245 	 0.89498 	 0.03209 	 0.65 
Tversky_proba_3_0.5% 	 0.95037 	 0.0176 	 0.96597 	 0.01172 	 0.91075 	 0.02896 	 0.6 
