Combination	BA	sdBA	F1	sdF1	MCC	sdMCC	similarityThreshold
Tanimoto_top_1_0.5% 	 0.95199 	 0.01187 	 0.98727 	 0.00337 	 0.91507 	 0.0202 	 0.6 
Tanimoto_top_2_0.5% 	 0.96402 	 0.01426 	 0.99071 	 0.00265 	 0.9359 	 0.01911 	 0.45 
Tanimoto_top_3_0.5% 	 0.96934 	 0.0114 	 0.99194 	 0.00252 	 0.94208 	 0.01739 	 0.4 
Dice_top_1_0.5% 	 0.95199 	 0.01187 	 0.98727 	 0.00337 	 0.91507 	 0.0202 	 0.75 
Dice_top_2_0.5% 	 0.95428 	 0.01621 	 0.98714 	 0.00254 	 0.91167 	 0.01747 	 0.6 
Dice_top_3_0.5% 	 0.96465 	 0.01277 	 0.9889 	 0.0024 	 0.92441 	 0.01678 	 0.55 
Tversky_top_1_0.5% 	 0.92034 	 0.01095 	 0.97113 	 0.00422 	 0.78995 	 0.03345 	 0.75 
Tversky_top_2_0.5% 	 0.95862 	 0.00962 	 0.98592 	 0.00214 	 0.89971 	 0.01383 	 0.65 
Tversky_top_3_0.5% 	 0.95903 	 0.00864 	 0.98533 	 0.0019 	 0.89387 	 0.01454 	 0.55 
