Combination	BA	sdBA	F1	sdF1	MCC	sdMCC	similarityThreshold
Tanimoto_top_1_0.5% 	 0.9528 	 0.01175 	 0.96288 	 0.01017 	 0.90457 	 0.02705 	 0.6 
Tanimoto_top_2_0.5% 	 0.9595 	 0.01662 	 0.97123 	 0.01147 	 0.9215 	 0.03024 	 0.5 
Tanimoto_top_3_0.5% 	 0.9479 	 0.01377 	 0.96337 	 0.0081 	 0.90205 	 0.01958 	 0.4 
Dice_top_1_0.5% 	 0.95061 	 0.01105 	 0.96297 	 0.00917 	 0.90547 	 0.0205 	 0.75 
Dice_top_2_0.5% 	 0.96921 	 0.00628 	 0.97594 	 0.00509 	 0.93475 	 0.012 	 0.65 
Dice_top_3_0.5% 	 0.9566 	 0.01285 	 0.96877 	 0.01048 	 0.91064 	 0.02923 	 0.6 
Tversky_top_1_0.5% 	 0.92434 	 0.00876 	 0.93497 	 0.00583 	 0.83497 	 0.01709 	 0.75 
Tversky_top_2_0.5% 	 0.94681 	 0.01627 	 0.96071 	 0.01157 	 0.89445 	 0.02878 	 0.65 
Tversky_top_3_0.5% 	 0.95224 	 0.00992 	 0.96433 	 0.00633 	 0.90194 	 0.01913 	 0.6 
