Combination	BA	sdBA	F1	sdF1	MCC	sdMCC	similarityThreshold
Tanimoto_top_1_0.8% 	 0.88096 	 0.01152 	 0.91307 	 0.00823 	 0.76839 	 0.02431 	 0.45 
Tanimoto_top_2_0.8% 	 0.91533 	 0.01108 	 0.93724 	 0.01055 	 0.83322 	 0.02508 	 0.35 
Tanimoto_top_3_0.8% 	 NA 	 NA 	 NA 	 NA 	 NA 	 NA 	 NA 
Dice_top_1_0.8% 	 0.90673 	 0.01229 	 0.93133 	 0.00854 	 0.81583 	 0.02217 	 0.65 
Dice_top_2_0.8% 	 0.90792 	 0.0174 	 0.93186 	 0.01233 	 0.81563 	 0.03378 	 0.5 
Dice_top_3_0.8% 	 0.90472 	 0.0186 	 0.93107 	 0.01319 	 0.80865 	 0.0364 	 0.4 
Tversky_top_1_0.8% 	 0.89292 	 0.01328 	 0.91662 	 0.00959 	 0.76641 	 0.02884 	 0.65 
Tversky_top_2_0.8% 	 0.91555 	 0.01458 	 0.93369 	 0.00973 	 0.82257 	 0.02835 	 0.55 
Tversky_top_3_0.8% 	 0.91528 	 0.017 	 0.93192 	 0.01254 	 0.8156 	 0.03316 	 0.45 
